name,source,email,gender,phone_number,city,country
Charmian Fassam,Facebook,cfassam0@eepurl.com,Female,+16351312662,Barrie,Canada
Fons Emig,Linkedin,femig1@w3.org,Male,+273298124970,Bothaville,South Africa
Warner Keedwell,Linkedin,wkeedwell2@scientificamerican.com,Male,+544113828109,General Alvear,Argentina
Addison Farady,Facebook,afarady3@nps.gov,Female,+466276504369,Str√∂msund,Sweden
Rosalynd Fitzsimmons,Facebook,rfitzsimmons4@sciencedirect.com,Female,+16193802953,San Diego,United States
Eleonore Yanukhin,Linkedin,eyanukhin5@google.com.br,Female,+86286381261,Shimen,China
Bunni Axell,Instagram,baxell6@privacy.gov.au,Female,+627277336773,Sadahayu,Indonesia
Allen Bateson,Website,abateson7@scribd.com,Male,+2553162950663,Kibondo,Tanzania
Rochester Dobeson,Website,rdobeson8@purevolume.com,Male,+863448162344,Rinang,China
Phillie Hourahan,Linkedin,phourahan9@aboutads.info,Female,+73202818648,Birobidzhan,Russia
Maryjo Francescozzi,Website,mfrancescozzia@china.com.cn,Female,+77327204541,Tyazhinskiy,Russia
Biddy Temple,Linkedin,btempleb@mit.edu,Female,+869895984600,Puqian,China
Roger Brabender,Website,rbrabenderc@cmu.edu,Female,+77835440754,Teryayevo,Russia
TamWhithalgh,Linkedin,twhithalghd@marketwatch.com,Female,+865874284135,Jiancheng,China
Crichton Byres,Linkedin,cbyrese@chronoengine.com,Male,+629497603665,Sundawenang,Indonesia
Mamie Tzuker,Website,mtzukerf@unicef.org,Male,+632851058142,Kolambugan,Philippines
Scott Craister,Linkedin,scraisterg@woothemes.com,Female,+5046899553135,ElLlano,Honduras
Coop Crocombe,Website,ccrocombeh@technorati.com,Male,+74748114066,Novo-Peredelkino,Russia
Dita Mulder,Instagram,dmulderi@bloomberg.com,Female,+6731506411884,Tutong,Brunei
Cindi Paish,Linkedin,cpaishj@omniture.com,Male,+2697679190158,Douniani,Comoros